﻿<parameters>
  <parameter name="IIS Web Application Name" defaultValue="www.cmms.com" tags="IisApp">
    <parameterEntry kind="ProviderPath" scope="IisApp" match="^C:\\Users\\PC\\AppData\\Local\\Temp\\WebSitePublish\\PerformanceMgt--1407499519\\obj\\Debug\\Package\\PackageTmp$" />
    <parameterEntry kind="ProviderPath" scope="setAcl" match="^C:\\Users\\PC\\AppData\\Local\\Temp\\WebSitePublish\\PerformanceMgt--1407499519\\obj\\Debug\\Package\\PackageTmp$" />
  </parameter>
  <parameter name="performgtConnectionString-Web.config Connection String" defaultValue="Data Source=DESKTOP-95O9GVD;Initial Catalog=performgt;Persist Security Info=True;User ID=sa;Password=fanny">
    <parameterEntry kind="XmlFile" scope="C:\\Users\\PC\\AppData\\Local\\Temp\\WebSitePublish\\PerformanceMgt--1407499519\\obj\\Debug\\Package\\PackageTmp\\web\.config$" match="/configuration/connectionStrings/add[@name='performgtConnectionString']/@connectionString" />
    <parameterEntry kind="XmlFile" scope="C:\\Users\\PC\\AppData\\Local\\Temp\\WebSitePublish\\PerformanceMgt--1407499519\\obj\\Debug\\Package\\PackageTmp\\Crystal\ Reports\ Backup\ Files\\web\.config$" match="/configuration/connectionStrings/add[@name='performgtConnectionString']/@connectionString" />
  </parameter>
  <parameter name="performgtConnectionString1-Web.config Connection String" defaultValue="Data Source=localhost\sqlexpress;Initial Catalog=master;Persist Security Info=True;User ID=sa;Password=fanny">
    <parameterEntry kind="XmlFile" scope="C:\\Users\\PC\\AppData\\Local\\Temp\\WebSitePublish\\PerformanceMgt--1407499519\\obj\\Debug\\Package\\PackageTmp\\web\.config$" match="/configuration/connectionStrings/add[@name='performgtConnectionString1']/@connectionString" />
    <parameterEntry kind="XmlFile" scope="C:\\Users\\PC\\AppData\\Local\\Temp\\WebSitePublish\\PerformanceMgt--1407499519\\obj\\Debug\\Package\\PackageTmp\\Crystal\ Reports\ Backup\ Files\\web\.config$" match="/configuration/connectionStrings/add[@name='performgtConnectionString1']/@connectionString" />
  </parameter>
</parameters>